RatingPerDriver,DriverID
4.4666666984558105,1
4.166666507720947,2
4.699999809265137,3
4.300000190734863,4
4.066666603088379,5
4.599999904632568,6
4.099999904632568,7
4.800000190734863,8
3.9000000953674316,9
4.400000095367432,10
4.699999809265137,11
4.300000190734863,12
4.599999904632568,13
4.199999809265137,14
4.5,15
4.099999904632568,16
4.800000190734863,17
3.799999952316284,18
4.300000190734863,19
4.599999904632568,20
